{
    "description": [
        {
            "excerpt": "C\u00f3digo generado para las distintas tareas del proyecto \"Lote 4 del proyecto: Servicios de obtenci\u00f3n y clasificaci\u00f3n de informaci\u00f3n para la caracterizaci\u00f3n del sector de la ciberseguridad\"",
            "confidence": [
                1.0
            ],
            "technique": "GitHub API"
        }
    ],
    "citation": [
        {
            "excerpt": "C\u00f3digo de la ontolog\u00eda de ciberseguridad desarrollada durante el proyecto \"Lote 4 del proyecto: Servicios de obtenci\u00f3n y clasificaci\u00f3n de informaci\u00f3n para la caracterizaci\u00f3n del sector de la ciberseguridad\" \n",
            "confidence": [
                [
                    0.9999827099862031
                ]
            ],
            "technique": "Supervised classification",
            "originalHeader": "Ontolog\u00eda ciberseguridad"
        }
    ],
    "longTitle": {
        "excerpt": "Ontolog\u00eda ciberseguridad",
        "confidence": [
            1.0
        ],
        "technique": "Regular expression"
    },
    "codeRepository": {
        "excerpt": "https://github.com/oeg-upm/ontologia-ciberseguridad",
        "confidence": [
            1.0
        ],
        "technique": "GitHub API"
    },
    "owner": {
        "excerpt": "oeg-upm",
        "confidence": [
            1.0
        ],
        "technique": "GitHub API"
    },
    "ownerType": {
        "excerpt": "Organization",
        "confidence": [
            1.0
        ],
        "technique": "GitHub API"
    },
    "dateCreated": {
        "excerpt": "2018-12-13T08:01:26Z",
        "confidence": [
            1.0
        ],
        "technique": "GitHub API"
    },
    "dateModified": {
        "excerpt": "2018-12-20T14:54:33Z",
        "confidence": [
            1.0
        ],
        "technique": "GitHub API"
    },
    "name": {
        "excerpt": "ontologia-ciberseguridad",
        "confidence": [
            1.0
        ],
        "technique": "GitHub API"
    },
    "fullName": {
        "excerpt": "oeg-upm/ontologia-ciberseguridad",
        "confidence": [
            1.0
        ],
        "technique": "GitHub API"
    },
    "issueTracker": {
        "excerpt": "https://api.github.com/repos/oeg-upm/ontologia-ciberseguridad/issues{/number}",
        "confidence": [
            1.0
        ],
        "technique": "GitHub API"
    },
    "forksUrl": {
        "excerpt": "https://api.github.com/repos/oeg-upm/ontologia-ciberseguridad/forks",
        "confidence": [
            1.0
        ],
        "technique": "GitHub API"
    },
    "downloadUrl": {
        "excerpt": "https://github.com/oeg-upm/ontologia-ciberseguridad/releases",
        "confidence": [
            1.0
        ],
        "technique": "GitHub API"
    },
    "stargazersCount": {
        "excerpt": {
            "count": 0,
            "date": "Tue, 05 Apr 2022 09:23:47 GMT"
        },
        "confidence": [
            1.0
        ],
        "technique": "GitHub API"
    },
    "forksCount": {
        "excerpt": {
            "count": 0,
            "date": "Tue, 05 Apr 2022 09:23:47 GMT"
        },
        "confidence": [
            1.0
        ],
        "technique": "GitHub API"
    },
    "languages": {
        "excerpt": [
            "HTML",
            "CSS"
        ],
        "confidence": [
            1.0
        ],
        "technique": "GitHub API"
    },
    "readmeUrl": {
        "excerpt": "https://github.com/oeg-upm/ontologia-ciberseguridad/README.md",
        "confidence": [
            1.0
        ],
        "technique": "GitHub API"
    }
}