{
    "description": [
        {
            "excerpt": "Vocabulario para DRUGS4COVID19",
            "confidence": [
                1.0
            ],
            "technique": "GitHub API"
        }
    ],
    "citation": [
        {
            "excerpt": "Vocabulary for DRUGS4COVID19 https://devpost.com/software/drugs4covid and  https://taiga.vencealvirus.software.imdea.org/project/ocorcho-salud-un-catalogo-de-medicamentos-usados-para-combatir-el-covid-19-segun-la-literatura-cientifica-y-aplicando-tecnicas-de-inteligencia-artificial-y-ciencia-ciudadana/wiki/home   \nOntology URI: [https://w3id.org/def/DRUGS4COVID19](https://w3id.org/def/DRUGS4COVID19) \n",
            "confidence": [
                [
                    0.9999811510128696,
                    0.9919784769950174
                ]
            ],
            "technique": "Supervised classification",
            "originalHeader": "DRUGS4COVID19"
        }
    ],
    "longTitle": {
        "excerpt": "DRUGS4COVID19",
        "confidence": [
            1.0
        ],
        "technique": "Regular expression"
    },
    "image": [
        {
            "excerpt": "https://github.com/oeg-upm/drugs4covid19-vocab/blob/master/OnToology/ontology/onto.owl/documentation/resources/images/model.png",
            "confidence": [
                1.0
            ],
            "technique": "Regular expression"
        }
    ],
    "codeRepository": {
        "excerpt": "https://github.com/oeg-upm/drugs4covid19-vocab",
        "confidence": [
            1.0
        ],
        "technique": "GitHub API"
    },
    "owner": {
        "excerpt": "oeg-upm",
        "confidence": [
            1.0
        ],
        "technique": "GitHub API"
    },
    "ownerType": {
        "excerpt": "Organization",
        "confidence": [
            1.0
        ],
        "technique": "GitHub API"
    },
    "dateCreated": {
        "excerpt": "2020-04-04T08:16:23Z",
        "confidence": [
            1.0
        ],
        "technique": "GitHub API"
    },
    "dateModified": {
        "excerpt": "2020-07-16T08:00:11Z",
        "confidence": [
            1.0
        ],
        "technique": "GitHub API"
    },
    "name": {
        "excerpt": "drugs4covid19-vocab",
        "confidence": [
            1.0
        ],
        "technique": "GitHub API"
    },
    "fullName": {
        "excerpt": "oeg-upm/drugs4covid19-vocab",
        "confidence": [
            1.0
        ],
        "technique": "GitHub API"
    },
    "issueTracker": {
        "excerpt": "https://api.github.com/repos/oeg-upm/drugs4covid19-vocab/issues{/number}",
        "confidence": [
            1.0
        ],
        "technique": "GitHub API"
    },
    "forksUrl": {
        "excerpt": "https://api.github.com/repos/oeg-upm/drugs4covid19-vocab/forks",
        "confidence": [
            1.0
        ],
        "technique": "GitHub API"
    },
    "downloadUrl": {
        "excerpt": "https://github.com/oeg-upm/drugs4covid19-vocab/releases",
        "confidence": [
            1.0
        ],
        "technique": "GitHub API"
    },
    "stargazersCount": {
        "excerpt": {
            "count": 0,
            "date": "Tue, 05 Apr 2022 09:01:24 GMT"
        },
        "confidence": [
            1.0
        ],
        "technique": "GitHub API"
    },
    "forksCount": {
        "excerpt": {
            "count": 5,
            "date": "Tue, 05 Apr 2022 09:01:24 GMT"
        },
        "confidence": [
            1.0
        ],
        "technique": "GitHub API"
    },
    "languages": {
        "excerpt": [
            "HTML"
        ],
        "confidence": [
            1.0
        ],
        "technique": "GitHub API"
    },
    "readmeUrl": {
        "excerpt": "https://github.com/oeg-upm/drugs4covid19-vocab/README.md",
        "confidence": [
            1.0
        ],
        "technique": "GitHub API"
    }
}