{
    "description": [
        {
            "excerpt": "Extension to ease the federation process of CKAN catalogs with the global catalog of Spain, [Datos.gob](http://www.datos.gob.es/).",
            "confidence": [
                1.0
            ],
            "technique": "GitHub API"
        }
    ],
    "citation": [
        {
            "excerpt": "FederGob es una extensi\u00f3n para CKAN que facilita el proceso de federaci\u00f3n con [Datos.gob.es](http://www.datos.gob.es/), el cat\u00e1logo de datos oficial de Espa\u00f1a. En concreto, el plugin presentado en esta pagina es una version modificada del plugin [original FederGob](https://github.com/jesusredondo/ckanext-federgob), que esta especialmente modificado para permitir federaci\u00f3n desde aquellas instancias del CKAN que utilicen el plugin [ckanext-dcat](https://github.com/ckan/ckanext-dcat) (el plugin ckanext-dcat causa problemas si estuviera funcionando al un\u00edsono con el plugin original de FederGob). Esta documentaci\u00f3n esta basada en la documentaci\u00f3n del plugin original. \nLa documentaci\u00f3n oficial para federar portales contra [Datos.gob.es](http://www.datos.gob.es/) es la siguiente: [manual del Federador](http://www.datos.gob.es/content/manual-de-uso-de-herramienta-federador). Es recomendable leer la documentaci\u00f3n oficial sobre c\u00f3mo se deben estructurar los metadatos: [Norma T\u00e9cnica de Interoperabilidad de Reutilizaci\u00f3n de Recursos de Informaci\u00f3n](https://www.boe.es/buscar/doc.php?id=BOE-A-2013-2380). \nEsta extensi\u00f3n s\u00f3lo permite la federaci\u00f3n mediante metadatos representados en RDF. Se modifican los metadatos originales proporcionados por CKAN para adecuarlos a la Norma T\u00e9cnica de Interoperabilidad mencionada anteriormente. \n",
            "confidence": [
                [
                    0.9998543611310841,
                    0.9999921228649551,
                    0.9865374311292784
                ]
            ],
            "technique": "Supervised classification",
            "originalHeader": "\u00bfQu\u00e9 es FederGob?",
            "parentHeader": "ckanext-federgob"
        },
        {
            "excerpt": "FederGob incluye scripts para automatizar la generaci\u00f3n de los metadatos peri\u00f3dicamente. \n1. La versi\u00f3n CKAN del cat\u00e1logo en el que se instale el plugin debe ser la 2.0 o superior (no se ha testeado con versiones anteriores). \n2. Todos los datasets del cat\u00e1logo CKAN deben tener el campo etiqueta (tag) relleno con uno de los valores que aparecen en la segunda columna de la primera tabla del anexo IV en la [Norma T\u00e9cnica de Interoperabilidad de Reutilizaci\u00f3n de Recursos de Informaci\u00f3n](https://www.boe.es/buscar/doc.php?id=BOE-A-2013-2380). \n",
            "confidence": [
                [
                    0.9507374082549614,
                    0.9071552692524211,
                    0.999994385191275
                ]
            ],
            "technique": "Supervised classification",
            "originalHeader": "Prerrequisitos",
            "parentHeader": "ckanext-federgob"
        },
        {
            "excerpt": "4. La primera frase de la descripci\u00f3n de cada dataset (todo lo que se encuentre antes del primer punto \".\") se utilizar\u00e1 para rellenar el campo dcat:description. Por lo tanto ser\u00eda recomendable que esta primera l\u00ednea se utilice para describir el dataset brevemente.  \n",
            "confidence": [
                [
                    0.9802079536925298
                ]
            ],
            "technique": "Supervised classification",
            "originalHeader": "Prerrequisitos",
            "parentHeader": "ckanext-federgob"
        },
        {
            "excerpt": "2. Este plugin funciona solo en conjunto con [ckanext-dcat](https://github.com/ckan/ckanext-dcat). Si su instancia del CKAN no necesita [ckanext-dcat](https://github.com/ckan/ckanext-dcat), debe utilizar el plugin [original FederGob](https://github.com/jesusredondo/ckanext-federgob). Los dos plugins deben ser instalados y configurados por separado.\n \n \nExisten dos maneras diferentes de instalaci\u00f3n del plugin. Si instalandolo de una manera no funciona, se puede hacer utilizando otra manera de instalaci\u00f3n.  \n1. Copia el [plugin](https://github.com/oeg-upm/ckanext-federgob) a tu carpeta `src` (normalmente es: /usr/lib/ckan/default/src/). \n",
            "confidence": [
                [
                    0.9921053119675043,
                    0.9737528548338414,
                    0.9116434537713409
                ]
            ],
            "technique": "Supervised classification",
            "originalHeader": "\u00bfC\u00f3mo instalar el FederGob?",
            "parentHeader": "ckanext-federgob"
        },
        {
            "excerpt": "Asegurarse que `federgob est\u00e1 en la lista de plugins activos del fichero de configuraci\u00f3n de CKAN y reiniciar Apache. \n",
            "confidence": [
                [
                    0.9964189199332645
                ]
            ],
            "technique": "Supervised classification",
            "originalHeader": "\u00bfC\u00f3mo instalar el FederGob?",
            "parentHeader": "ckanext-federgob"
        },
        {
            "excerpt": "Estos pasos permiten configurar la generaci\u00f3n de los metadatos peri\u00f3dicamente. Todos los comandos tienen que correrse en la ruta: `.../ckanext-federgob/ckanext/federgob/FDG/`. \n",
            "confidence": [
                [
                    0.9865374311292784
                ]
            ],
            "technique": "Supervised classification",
            "originalHeader": "Configuraci\u00f3n local",
            "parentHeader": "ckanext-federgob --- \u00bfC\u00f3mo configurar FederGob?"
        },
        {
            "excerpt": "1. **{-URL-CATALOG-}** : Es la URL del cat\u00e1logo. Por ejemplo: `http://opendata.caceres.es`. \n2. **{-URL-DATASET-}** : Es la URL base donde se encuentran todos los datasets. Normalmente esta URL toma la forma: **{-URL-CATALOG-}**/dataset. Por ejemplo: `http://opendata.caceres.es/dataset`. Otro ejemplo ser\u00eda `http://datahub.io/dataset` para `http://datahub.io`. \n",
            "confidence": [
                [
                    0.9858279336460283,
                    0.9565981991897923
                ]
            ],
            "technique": "Supervised classification",
            "originalHeader": "Configurar los metadatos del portal",
            "parentHeader": "ckanext-federgob --- \u00bfC\u00f3mo configurar FederGob? --- Configuraci\u00f3n local"
        },
        {
            "excerpt": "4. **{-TITLE-}** : T\u00edtulo del cat\u00e1logo. Ejemplo: `Opendata C\u00e1ceres`. \n",
            "confidence": [
                [
                    0.9813161029725735
                ]
            ],
            "technique": "Supervised classification",
            "originalHeader": "Configurar los metadatos del portal",
            "parentHeader": "ckanext-federgob --- \u00bfC\u00f3mo configurar FederGob? --- Configuraci\u00f3n local"
        },
        {
            "excerpt": "6. {-ISSUED-} : Fecha en la que se cre\u00f3 el cat\u00e1logo, se debe utilizar el est\u00e1ndar [ISO-8601](http://www.w3.org/TR/NOTE-datetime). Por ejemplo: `2014-07-02T10:45:15`. \n7. **{-URL-PUBLISHER-}** : URL de la organizaci\u00f3n que publica los datos en el cat\u00e1logo. Tiene que ser una URL que siga el formato establecido por el NTI. Para m\u00e1s informaci\u00f3n consultar el anexo II C del [manual del Federador](http://datos.gob.es/sites/default/files/federador_-_manual_de_usuario_2.docx). Por ejemplo: `http://datos.gob.es/recurso/sector-publico/org/Organismo/L01100377`. \n8. **{-URL-LICENSE-}** : URL de la p\u00e1gina web donde se describen los t\u00e9rminos de usos del cat\u00e1logo. Por ejemplo: `http://opendata.caceres.es/terminos`. \n",
            "confidence": [
                [
                    0.9126419181843836,
                    0.9991819958008705,
                    0.9984268409156237
                ]
            ],
            "technique": "Supervised classification",
            "originalHeader": "Configurar los metadatos del portal",
            "parentHeader": "ckanext-federgob --- \u00bfC\u00f3mo configurar FederGob? --- Configuraci\u00f3n local"
        }
    ],
    "installation": [
        {
            "excerpt": "    cd ckanext-federgob\n    sudo python setup.py develop \n",
            "confidence": [
                [
                    0.950564357633137
                ]
            ],
            "technique": "Supervised classification",
            "originalHeader": "\u00bfC\u00f3mo instalar el FederGob?",
            "parentHeader": "ckanext-federgob"
        },
        {
            "excerpt": "\tpip install -e \"git+https://github.com/oeg-upm/ckanext-federgob.git#egg=ckanext-federgob\" \n",
            "confidence": [
                [
                    0.9960343238036801
                ]
            ],
            "technique": "Supervised classification",
            "originalHeader": "\u00bfC\u00f3mo instalar el FederGob?",
            "parentHeader": "ckanext-federgob"
        }
    ],
    "longTitle": {
        "excerpt": "ckanext-federgob",
        "confidence": [
            1.0
        ],
        "technique": "Regular expression"
    },
    "codeRepository": {
        "excerpt": "https://github.com/oeg-upm/ckanext-federgob",
        "confidence": [
            1.0
        ],
        "technique": "GitHub API"
    },
    "owner": {
        "excerpt": "oeg-upm",
        "confidence": [
            1.0
        ],
        "technique": "GitHub API"
    },
    "ownerType": {
        "excerpt": "Organization",
        "confidence": [
            1.0
        ],
        "technique": "GitHub API"
    },
    "dateCreated": {
        "excerpt": "2016-04-21T09:08:28Z",
        "confidence": [
            1.0
        ],
        "technique": "GitHub API"
    },
    "dateModified": {
        "excerpt": "2016-04-21T09:08:30Z",
        "confidence": [
            1.0
        ],
        "technique": "GitHub API"
    },
    "license": {
        "excerpt": {
            "name": "GNU Affero General Public License v3.0",
            "url": "https://api.github.com/licenses/agpl-3.0"
        },
        "confidence": [
            1.0
        ],
        "technique": "GitHub API"
    },
    "name": {
        "excerpt": "ckanext-federgob",
        "confidence": [
            1.0
        ],
        "technique": "GitHub API"
    },
    "fullName": {
        "excerpt": "oeg-upm/ckanext-federgob",
        "confidence": [
            1.0
        ],
        "technique": "GitHub API"
    },
    "issueTracker": {
        "excerpt": "https://api.github.com/repos/oeg-upm/ckanext-federgob/issues{/number}",
        "confidence": [
            1.0
        ],
        "technique": "GitHub API"
    },
    "forksUrl": {
        "excerpt": "https://api.github.com/repos/oeg-upm/ckanext-federgob/forks",
        "confidence": [
            1.0
        ],
        "technique": "GitHub API"
    },
    "downloadUrl": {
        "excerpt": "https://github.com/oeg-upm/ckanext-federgob/releases",
        "confidence": [
            1.0
        ],
        "technique": "GitHub API"
    },
    "stargazersCount": {
        "excerpt": {
            "count": 0,
            "date": "Tue, 05 Apr 2022 09:00:03 GMT"
        },
        "confidence": [
            1.0
        ],
        "technique": "GitHub API"
    },
    "forksCount": {
        "excerpt": {
            "count": 2,
            "date": "Tue, 05 Apr 2022 09:00:03 GMT"
        },
        "confidence": [
            1.0
        ],
        "technique": "GitHub API"
    },
    "languages": {
        "excerpt": [
            "Python"
        ],
        "confidence": [
            1.0
        ],
        "technique": "GitHub API"
    },
    "licenseText": {
        "excerpt": "b'GNU AFFERO GENERAL PUBLIC LICENSE\\n\\nVersion 3, 19 November 2007\\n\\nCopyright \\xc2\\xa9 2007 Free Software Foundation, Inc. http://fsf.org/ \\nEveryone is permitted to copy and distribute verbatim copies of this license document, but changing it is not allowed.\\n\\nPreamble\\n\\nThe GNU Affero General Public License is a free, copyleft license for software and other kinds of works, specifically designed to ensure cooperation with the community in the case of network server software.\\n\\nThe licenses for most software and other practical works are designed to take away your freedom to share and change the works. By contrast, our General Public Licenses are intended to guarantee your freedom to share and change all versions of a program--to make sure it remains free software for all its users.\\n\\nWhen we speak of free software, we are referring to freedom, not price. Our General Public Licenses are designed to make sure that you have the freedom to distribute copies of free software (and charge for them if you wish), that you receive source code or can get it if you want it, that you can change the software or use pieces of it in new free programs, and that you know you can do these things.\\n\\nDevelopers that use our General Public Licenses protect your rights with two steps: (1) assert copyright on the software, and (2) offer you this License which gives you legal permission to copy, distribute and/or modify the software.\\n\\nA secondary benefit of defending all users\\' freedom is that improvements made in alternate versions of the program, if they receive widespread use, become available for other developers to incorporate. Many developers of free software are heartened and encouraged by the resulting cooperation. However, in the case of software used on network servers, this result may fail to come about. The GNU General Public License permits making a modified version and letting the public access it on a server without ever releasing its source code to the public.\\n\\nThe GNU Affero General Public License is designed specifically to ensure that, in such cases, the modified source code becomes available to the community. It requires the operator of a network server to provide the source code of the modified version running there to the users of that server. Therefore, public use of a modified version, on a publicly accessible server, gives the public access to the source code of the modified version.\\n\\nAn older license, called the Affero General Public License and published by Affero, was designed to accomplish similar goals. This is a different license, not a version of the Affero GPL, but Affero has released a new version of the Affero GPL which permits relicensing under this license.\\n\\nThe precise terms and conditions for copying, distribution and modification follow.\\n\\nTERMS AND CONDITIONS\\n\\n0. Definitions.\\n\"This License\" refers to version 3 of the GNU Affero General Public License.\\n\\n\"Copyright\" also means copyright-like laws that apply to other kinds of works, such as semiconductor masks.\\n\\n\"The Program\" refers to any copyrightable work licensed under this License. Each licensee is addressed as \"you\". \"Licensees\" and \"recipients\" may be individuals or organizations.\\n\\nTo \"modify\" a work means to copy from or adapt all or part of the work in a fashion requiring copyright permission, other than the making of an exact copy. The resulting work is called a \"modified version\" of the earlier work or a work \"based on\" the earlier work.\\n\\nA \"covered work\" means either the unmodified Program or a work based on the Program.\\n\\nTo \"propagate\" a work means to do anything with it that, without permission, would make you directly or secondarily liable for infringement under applicable copyright law, except executing it on a computer or modifying a private copy. Propagation includes copying, distribution (with or without modification), making available to the public, and in some countries other activities as well.\\n\\nTo \"convey\" a work means any kind of propagation that enables other parties to make or receive copies. Mere interaction with a user through a computer network, with no transfer of a copy, is not conveying.\\n\\nAn interactive user interface displays \"Appropriate Legal Notices\" to the extent that it includes a convenient and prominently visible feature that (1) displays an appropriate copyright notice, and (2) tells the user that there is no warranty for the work (except to the extent that warranties are provided), that licensees may convey the work under this License, and how to view a copy of this License. If the interface presents a list of user commands or options, such as a menu, a prominent item in the list meets this criterion.\\n\\n1. Source Code.\\nThe \"source code\" for a work means the preferred form of the work for making modifications to it. \"Object code\" means any non-source form of a work.\\n\\nA \"Standard Interface\" means an interface that either is an official standard defined by a recognized standards body, or, in the case of interfaces specified for a particular programming language, one that is widely used among developers working in that language.\\n\\nThe \"System Libraries\" of an executable work include anything, other than the work as a whole, that (a) is included in the normal form of packaging a Major Component, but which is not part of that Major Component, and (b) serves only to enable use of the work with that Major Component, or to implement a Standard Interface for which an implementation is available to the public in source code form. A \"Major Component\", in this context, means a major essential component (kernel, window system, and so on) of the specific operating system (if any) on which the executable work runs, or a compiler used to produce the work, or an object code interpreter used to run it.\\n\\nThe \"Corresponding Source\" for a work in object code form means all the source code needed to generate, install, and (for an executable work) run the object code and to modify the work, including scripts to control those activities. However, it does not include the work\\'s System Libraries, or general-purpose tools or generally available free programs which are used unmodified in performing those activities but which are not part of the work. For example, Corresponding Source includes interface definition files associated with source files for the work, and the source code for shared libraries and dynamically linked subprograms that the work is specifically designed to require, such as by intimate data communication or control flow between those subprograms and other parts of the work.\\n\\nThe Corresponding Source need not include anything that users can regenerate automatically from other parts of the Corresponding Source.\\n\\nThe Corresponding Source for a work in source code form is that same work.\\n\\n2. Basic Permissions.\\nAll rights granted under this License are granted for the term of copyright on the Program, and are irrevocable provided the stated conditions are met. This License explicitly affirms your unlimited permission to run the unmodified Program. The output from running a covered work is covered by this License only if the output, given its content, constitutes a covered work. This License acknowledges your rights of fair use or other equivalent, as provided by copyright law.\\n\\nYou may make, run and propagate covered works that you do not convey, without conditions so long as your license otherwise remains in force. You may convey covered works to others for the sole purpose of having them make modifications exclusively for you, or provide you with facilities for running those works, provided that you comply with the terms of this License in conveying all material for which you do not control copyright. Those thus making or running the covered works for you must do so exclusively on your behalf, under your direction and control, on terms that prohibit them from making any copies of your copyrighted material outside their relationship with you.\\n\\nConveying under any other circumstances is permitted solely under the conditions stated below. Sublicensing is not allowed; section 10 makes it unnecessary.\\n\\n3. Protecting Users\\' Legal Rights From Anti-Circumvention Law.\\nNo covered work shall be deemed part of an effective technological measure under any applicable law fulfilling obligations under article 11 of the WIPO copyright treaty adopted on 20 December 1996, or similar laws prohibiting or restricting circumvention of such measures.\\n\\nWhen you convey a covered work, you waive any legal power to forbid circumvention of technological measures to the extent such circumvention is effected by exercising rights under this License with respect to the covered work, and you disclaim any intention to limit operation or modification of the work as a means of enforcing, against the work\\'s users, your or third parties\\' legal rights to forbid circumvention of technological measures.\\n\\n4. Conveying Verbatim Copies.\\nYou may convey verbatim copies of the Program\\'s source code as you receive it, in any medium, provided that you conspicuously and appropriately publish on each copy an appropriate copyright notice; keep intact all notices stating that this License and any non-permissive terms added in accord with section 7 apply to the code; keep intact all notices of the absence of any warranty; and give all recipients a copy of this License along with the Program.\\n\\nYou may charge any price or no price for each copy that you convey, and you may offer support or warranty protection for a fee.\\n\\n5. Conveying Modified Source Versions.\\nYou may convey a work based on the Program, or the modifications to produce it from the Program, in the form of source code under the terms of section 4, provided that you also meet all of these conditions:\\n\\na) The work must carry prominent notices stating that you modified it, and giving a relevant date.\\nb) The work must carry prominent notices stating that it is released under this License and any conditions added under section 7. This requirement modifies the requirement in section 4 to \"keep intact all notices\".\\nc) You must license the entire work, as a whole, under this License to anyone who comes into possession of a copy. This License will therefore apply, along with any applicable section 7 additional terms, to the whole of the work, and all its parts, regardless of how they are packaged. This License gives no permission to license the work in any other way, but it does not invalidate such permission if you have separately received it.\\nd) If the work has interactive user interfaces, each must display Appropriate Legal Notices; however, if the Program has interactive interfaces that do not display Appropriate Legal Notices, your work need not make them do so.\\nA compilation of a covered work with other separate and independent works, which are not by their nature extensions of the covered work, and which are not combined with it such as to form a larger program, in or on a volume of a storage or distribution medium, is called an \"aggregate\" if the compilation and its resulting copyright are not used to limit the access or legal rights of the compilation\\'s users beyond what the individual works permit. Inclusion of a covered work in an aggregate does not cause this License to apply to the other parts of the aggregate.\\n\\n6. Conveying Non-Source Forms.\\nYou may convey a covered work in object code form under the terms of sections 4 and 5, provided that you also convey the machine-readable Corresponding Source under the terms of this License, in one of these ways:\\n\\na) Convey the object code in, or embodied in, a physical product (including a physical distribution medium), accompanied by the Corresponding Source fixed on a durable physical medium customarily used for software interchange.\\nb) Convey the object code in, or embodied in, a physical product (including a physical distribution medium), accompanied by a written offer, valid for at least three years and valid for as long as you offer spare parts or customer support for that product model, to give anyone who possesses the object code either (1) a copy of the Corresponding Source for all the software in the product that is covered by this License, on a durable physical medium customarily used for software interchange, for a price no more than your reasonable cost of physically performing this conveying of source, or (2) access to copy the Corresponding Source from a network server at no charge.\\nc) Convey individual copies of the object code with a copy of the written offer to provide the Corresponding Source. This alternative is allowed only occasionally and noncommercially, and only if you received the object code with such an offer, in accord with subsection 6b.\\nd) Convey the object code by offering access from a designated place (gratis or for a charge), and offer equivalent access to the Corresponding Source in the same way through the same place at no further charge. You need not require recipients to copy the Corresponding Source along with the object code. If the place to copy the object code is a network server, the Corresponding Source may be on a different server (operated by you or a third party) that supports equivalent copying facilities, provided you maintain clear directions next to the object code saying where to find the Corresponding Source. Regardless of what server hosts the Corresponding Source, you remain obligated to ensure that it is available for as long as needed to satisfy these requirements.\\ne) Convey the object code using peer-to-peer transmission, provided you inform other peers where the object code and Corresponding Source of the work are being offered to the general public at no charge under subsection 6d.\\nA separable portion of the object code, whose source code is excluded from the Corresponding Source as a System Library, need not be included in conveying the object code work.\\n\\nA \"User Product\" is either (1) a \"consumer product\", which means any tangible personal property which is normally used for personal, family, or household purposes, or (2) anything designed or sold for incorporation into a dwelling. In determining whether a product is a consumer product, doubtful cases shall be resolved in favor of coverage. For a particular product received by a particular user, \"normally used\" refers to a typical or common use of that class of product, regardless of the status of the particular user or of the way in which the particular user actually uses, or expects or is expected to use, the product. A product is a consumer product regardless of whether the product has substantial commercial, industrial or non-consumer uses, unless such uses represent the only significant mode of use of the product.\\n\\n\"Installation Information\" for a User Product means any methods, procedures, authorization keys, or other information required to install and execute modified versions of a covered work in that User Product from a modified version of its Corresponding Source. The information must suffice to ensure that the continued functioning of the modified object code is in no case prevented or interfered with solely because modification has been made.\\n\\nIf you convey an object code work under this section in, or with, or specifically for use in, a User Product, and the conveying occurs as part of a transaction in which the right of possession and use of the User Product is transferred to the recipient in perpetuity or for a fixed term (regardless of how the transaction is characterized), the Corresponding Source conveyed under this section must be accompanied by the Installation Information. But this requirement does not apply if neither you nor any third party retains the ability to install modified object code on the User Product (for example, the work has been installed in ROM).\\n\\nThe requirement to provide Installation Information does not include a requirement to continue to provide support service, warranty, or updates for a work that has been modified or installed by the recipient, or for the User Product in which it has been modified or installed. Access to a network may be denied when the modification itself materially and adversely affects the operation of the network or violates the rules and protocols for communication across the network.\\n\\nCorresponding Source conveyed, and Installation Information provided, in accord with this section must be in a format that is publicly documented (and with an implementation available to the public in source code form), and must require no special password or key for unpacking, reading or copying.\\n\\n7. Additional Terms.\\n\"Additional permissions\" are terms that supplement the terms of this License by making exceptions from one or more of its conditions. Additional permissions that are applicable to the entire Program shall be treated as though they were included in this License, to the extent that they are valid under applicable law. If additional permissions apply only to part of the Program, that part may be used separately under those permissions, but the entire Program remains governed by this License without regard to the additional permissions.\\n\\nWhen you convey a copy of a covered work, you may at your option remove any additional permissions from that copy, or from any part of it. (Additional permissions may be written to require their own removal in certain cases when you modify the work.) You may place additional permissions on material, added by you to a covered work, for which you have or can give appropriate copyright permission.\\n\\nNotwithstanding any other provision of this License, for material you add to a covered work, you may (if authorized by the copyright holders of that material) supplement the terms of this License with terms:\\n\\na) Disclaiming warranty or limiting liability differently from the terms of sections 15 and 16 of this License; or\\nb) Requiring preservation of specified reasonable legal notices or author attributions in that material or in the Appropriate Legal Notices displayed by works containing it; or\\nc) Prohibiting misrepresentation of the origin of that material, or requiring that modified versions of such material be marked in reasonable ways as different from the original version; or\\nd) Limiting the use for publicity purposes of names of licensors or authors of the material; or\\ne) Declining to grant rights under trademark law for use of some trade names, trademarks, or service marks; or\\nf) Requiring indemnification of licensors and authors of that material by anyone who conveys the material (or modified versions of it) with contractual assumptions of liability to the recipient, for any liability that these contractual assumptions directly impose on those licensors and authors.\\nAll other non-permissive additional terms are considered \"further restrictions\" within the meaning of section 10. If the Program as you received it, or any part of it, contains a notice stating that it is governed by this License along with a term that is a further restriction, you may remove that term. If a license document contains a further restriction but permits relicensing or conveying under this License, you may add to a covered work material governed by the terms of that license document, provided that the further restriction does not survive such relicensing or conveying.\\n\\nIf you add terms to a covered work in accord with this section, you must place, in the relevant source files, a statement of the additional terms that apply to those files, or a notice indicating where to find the applicable terms.\\n\\nAdditional terms, permissive or non-permissive, may be stated in the form of a separately written license, or stated as exceptions; the above requirements apply either way.\\n\\n8. Termination.\\nYou may not propagate or modify a covered work except as expressly provided under this License. Any attempt otherwise to propagate or modify it is void, and will automatically terminate your rights under this License (including any patent licenses granted under the third paragraph of section 11).\\n\\nHowever, if you cease all violation of this License, then your license from a particular copyright holder is reinstated (a) provisionally, unless and until the copyright holder explicitly and finally terminates your license, and (b) permanently, if the copyright holder fails to notify you of the violation by some reasonable means prior to 60 days after the cessation.\\n\\nMoreover, your license from a particular copyright holder is reinstated permanently if the copyright holder notifies you of the violation by some reasonable means, this is the first time you have received notice of violation of this License (for any work) from that copyright holder, and you cure the violation prior to 30 days after your receipt of the notice.\\n\\nTermination of your rights under this section does not terminate the licenses of parties who have received copies or rights from you under this License. If your rights have been terminated and not permanently reinstated, you do not qualify to receive new licenses for the same material under section 10.\\n\\n9. Acceptance Not Required for Having Copies.\\nYou are not required to accept this License in order to receive or run a copy of the Program. Ancillary propagation of a covered work occurring solely as a consequence of using peer-to-peer transmission to receive a copy likewise does not require acceptance. However, nothing other than this License grants you permission to propagate or modify any covered work. These actions infringe copyright if you do not accept this License. Therefore, by modifying or propagating a covered work, you indicate your acceptance of this License to do so.\\n\\n10. Automatic Licensing of Downstream Recipients.\\nEach time you convey a covered work, the recipient automatically receives a license from the original licensors, to run, modify and propagate that work, subject to this License. You are not responsible for enforcing compliance by third parties with this License.\\n\\nAn \"entity transaction\" is a transaction transferring control of an organization, or substantially all assets of one, or subdividing an organization, or merging organizations. If propagation of a covered work results from an entity transaction, each party to that transaction who receives a copy of the work also receives whatever licenses to the work the party\\'s predecessor in interest had or could give under the previous paragraph, plus a right to possession of the Corresponding Source of the work from the predecessor in interest, if the predecessor has it or can get it with reasonable efforts.\\n\\nYou may not impose any further restrictions on the exercise of the rights granted or affirmed under this License. For example, you may not impose a license fee, royalty, or other charge for exercise of rights granted under this License, and you may not initiate litigation (including a cross-claim or counterclaim in a lawsuit) alleging that any patent claim is infringed by making, using, selling, offering for sale, or importing the Program or any portion of it.\\n\\n11. Patents.\\nA \"contributor\" is a copyright holder who authorizes use under this License of the Program or a work on which the Program is based. The work thus licensed is called the contributor\\'s \"contributor version\".\\n\\nA contributor\\'s \"essential patent claims\" are all patent claims owned or controlled by the contributor, whether already acquired or hereafter acquired, that would be infringed by some manner, permitted by this License, of making, using, or selling its contributor version, but do not include claims that would be infringed only as a consequence of further modification of the contributor version. For purposes of this definition, \"control\" includes the right to grant patent sublicenses in a manner consistent with the requirements of this License.\\n\\nEach contributor grants you a non-exclusive, worldwide, royalty-free patent license under the contributor\\'s essential patent claims, to make, use, sell, offer for sale, import and otherwise run, modify and propagate the contents of its contributor version.\\n\\nIn the following three paragraphs, a \"patent license\" is any express agreement or commitment, however denominated, not to enforce a patent (such as an express permission to practice a patent or covenant not to sue for patent infringement). To \"grant\" such a patent license to a party means to make such an agreement or commitment not to enforce a patent against the party.\\n\\nIf you convey a covered work, knowingly relying on a patent license, and the Corresponding Source of the work is not available for anyone to copy, free of charge and under the terms of this License, through a publicly available network server or other readily accessible means, then you must either (1) cause the Corresponding Source to be so available, or (2) arrange to deprive yourself of the benefit of the patent license for this particular work, or (3) arrange, in a manner consistent with the requirements of this License, to extend the patent license to downstream recipients. \"Knowingly relying\" means you have actual knowledge that, but for the patent license, your conveying the covered work in a country, or your recipient\\'s use of the covered work in a country, would infringe one or more identifiable patents in that country that you have reason to believe are valid.\\n\\nIf, pursuant to or in connection with a single transaction or arrangement, you convey, or propagate by procuring conveyance of, a covered work, and grant a patent license to some of the parties receiving the covered work authorizing them to use, propagate, modify or convey a specific copy of the covered work, then the patent license you grant is automatically extended to all recipients of the covered work and works based on it.\\n\\nA patent license is \"discriminatory\" if it does not include within the scope of its coverage, prohibits the exercise of, or is conditioned on the non-exercise of one or more of the rights that are specifically granted under this License. You may not convey a covered work if you are a party to an arrangement with a third party that is in the business of distributing software, under which you make payment to the third party based on the extent of your activity of conveying the work, and under which the third party grants, to any of the parties who would receive the covered work from you, a discriminatory patent license (a) in connection with copies of the covered work conveyed by you (or copies made from those copies), or (b) primarily for and in connection with specific products or compilations that contain the covered work, unless you entered into that arrangement, or that patent license was granted, prior to 28 March 2007.\\n\\nNothing in this License shall be construed as excluding or limiting any implied license or other defenses to infringement that may otherwise be available to you under applicable patent law.\\n\\n12. No Surrender of Others\\' Freedom.\\nIf conditions are imposed on you (whether by court order, agreement or otherwise) that contradict the conditions of this License, they do not excuse you from the conditions of this License. If you cannot convey a covered work so as to satisfy simultaneously your obligations under this License and any other pertinent obligations, then as a consequence you may not convey it at all. For example, if you agree to terms that obligate you to collect a royalty for further conveying from those to whom you convey the Program, the only way you could satisfy both those terms and this License would be to refrain entirely from conveying the Program.\\n\\n13. Remote Network Interaction; Use with the GNU General Public License.\\nNotwithstanding any other provision of this License, if you modify the Program, your modified version must prominently offer all users interacting with it remotely through a computer network (if your version supports such interaction) an opportunity to receive the Corresponding Source of your version by providing access to the Corresponding Source from a network server at no charge, through some standard or customary means of facilitating copying of software. This Corresponding Source shall include the Corresponding Source for any work covered by version 3 of the GNU General Public License that is incorporated pursuant to the following paragraph.\\n\\nNotwithstanding any other provision of this License, you have permission to link or combine any covered work with a work licensed under version 3 of the GNU General Public License into a single combined work, and to convey the resulting work. The terms of this License will continue to apply to the part which is the covered work, but the work with which it is combined will remain governed by version 3 of the GNU General Public License.\\n\\n14. Revised Versions of this License.\\nThe Free Software Foundation may publish revised and/or new versions of the GNU Affero General Public License from time to time. Such new versions will be similar in spirit to the present version, but may differ in detail to address new problems or concerns.\\n\\nEach version is given a distinguishing version number. If the Program specifies that a certain numbered version of the GNU Affero General Public License \"or any later version\" applies to it, you have the option of following the terms and conditions either of that numbered version or of any later version published by the Free Software Foundation. If the Program does not specify a version number of the GNU Affero General Public License, you may choose any version ever published by the Free Software Foundation.\\n\\nIf the Program specifies that a proxy can decide which future versions of the GNU Affero General Public License can be used, that proxy\\'s public statement of acceptance of a version permanently authorizes you to choose that version for the Program.\\n\\nLater license versions may give you additional or different permissions. However, no additional obligations are imposed on any author or copyright holder as a result of your choosing to follow a later version.\\n\\n15. Disclaimer of Warranty.\\nTHERE IS NO WARRANTY FOR THE PROGRAM, TO THE EXTENT PERMITTED BY APPLICABLE LAW. EXCEPT WHEN OTHERWISE STATED IN WRITING THE COPYRIGHT HOLDERS AND/OR OTHER PARTIES PROVIDE THE PROGRAM \"AS IS\" WITHOUT WARRANTY OF ANY KIND, EITHER EXPRESSED OR IMPLIED, INCLUDING, BUT NOT LIMITED TO, THE IMPLIED WARRANTIES OF MERCHANTABILITY AND FITNESS FOR A PARTICULAR PURPOSE. THE ENTIRE RISK AS TO THE QUALITY AND PERFORMANCE OF THE PROGRAM IS WITH YOU. SHOULD THE PROGRAM PROVE DEFECTIVE, YOU ASSUME THE COST OF ALL NECESSARY SERVICING, REPAIR OR CORRECTION.\\n\\n16. Limitation of Liability.\\nIN NO EVENT UNLESS REQUIRED BY APPLICABLE LAW OR AGREED TO IN WRITING WILL ANY COPYRIGHT HOLDER, OR ANY OTHER PARTY WHO MODIFIES AND/OR CONVEYS THE PROGRAM AS PERMITTED ABOVE, BE LIABLE TO YOU FOR DAMAGES, INCLUDING ANY GENERAL, SPECIAL, INCIDENTAL OR CONSEQUENTIAL DAMAGES ARISING OUT OF THE USE OR INABILITY TO USE THE PROGRAM (INCLUDING BUT NOT LIMITED TO LOSS OF DATA OR DATA BEING RENDERED INACCURATE OR LOSSES SUSTAINED BY YOU OR THIRD PARTIES OR A FAILURE OF THE PROGRAM TO OPERATE WITH ANY OTHER PROGRAMS), EVEN IF SUCH HOLDER OR OTHER PARTY HAS BEEN ADVISED OF THE POSSIBILITY OF SUCH DAMAGES.\\n\\n17. Interpretation of Sections 15 and 16.\\nIf the disclaimer of warranty and limitation of liability provided above cannot be given local legal effect according to their terms, reviewing courts shall apply local law that most closely approximates an absolute waiver of all civil liability in connection with the Program, unless a warranty or assumption of liability accompanies a copy of the Program in return for a fee.\\n\\nEND OF TERMS AND CONDITIONS\\n\\nHow to Apply These Terms to Your New Programs\\n\\nIf you develop a new program, and you want it to be of the greatest possible use to the public, the best way to achieve this is to make it free software which everyone can redistribute and change under these terms.\\n\\nTo do so, attach the following notices to the program. It is safest to attach them to the start of each source file to most effectively state the exclusion of warranty; and each file should have at least the \"copyright\" line and a pointer to where the full notice is found.\\n\\n    <one line to give the program\\'s name and a brief idea of what it does.>\\n    Copyright (C) <year>  <name of author>\\n\\n    This program is free software: you can redistribute it and/or modify\\n    it under the terms of the GNU Affero General Public License as\\n    published by the Free Software Foundation, either version 3 of the\\n    License, or (at your option) any later version.\\n\\n    This program is distributed in the hope that it will be useful,\\n    but WITHOUT ANY WARRANTY; without even the implied warranty of\\n    MERCHANTABILITY or FITNESS FOR A PARTICULAR PURPOSE.  See the\\n    GNU Affero General Public License for more details.\\n\\n    You should have received a copy of the GNU Affero General Public License\\n    along with this program.  If not, see http://www.gnu.org/licenses/.\\nAlso add information on how to contact you by electronic and paper mail.\\n\\nIf your software can interact with users remotely through a computer network, you should also make sure that it provides a way for users to get its source. For example, if your program is a web application, its interface could display a \"Source\" link that leads users to an archive of the code. There are many ways you could offer source, and different solutions will be better for different programs; see section 13 for the specific requirements.\\n\\nYou should also get your employer (if you work as a programmer) or school, if any, to sign a \"copyright disclaimer\" for the program, if necessary. For more information on this, and how to apply and follow the GNU AGPL, see http://www.gnu.org/licenses/.'",
        "confidence": [
            1.0
        ],
        "technique": "File Exploration"
    },
    "readmeUrl": {
        "excerpt": "https://github.com/oeg-upm/ckanext-federgob/README.md",
        "confidence": [
            1.0
        ],
        "technique": "GitHub API"
    },
    "inspect4py": {
        "software_type": "library"
    }
}