{
    "description": [
        {
            "excerpt": "Official repository with all source code to generate the OEG-UPM website",
            "confidence": [
                1.0
            ],
            "technique": "GitHub API"
        }
    ],
    "installation": [
        {
            "originalHeader": "Lints and fixes files",
            "excerpt": "```\nnpm run lint\n```\n",
            "parentHeader": "oeg-web --- Project setup",
            "confidence": [
                1
            ],
            "technique": "Header extraction"
        },
        {
            "originalHeader": "Project setup",
            "excerpt": "```\nnpm install\n```\n",
            "parentHeader": "oeg-web",
            "confidence": [
                1
            ],
            "technique": "Header extraction"
        },
        {
            "excerpt": "```\nnpm run serve\n```\n \n```\nnpm run build\n```\n \n",
            "confidence": [
                [
                    0.9745651536523489,
                    0.9890552123956579
                ]
            ],
            "technique": "Supervised classification",
            "originalHeader": "Compiles and minifies for production",
            "parentHeader": "oeg-web --- Project setup"
        }
    ],
    "longTitle": {
        "excerpt": "oeg-web",
        "confidence": [
            1.0
        ],
        "technique": "Regular expression"
    },
    "run": [
        {
            "originalHeader": "Run your tests",
            "excerpt": "```\nnpm run test\n```\n",
            "parentHeader": "oeg-web --- Project setup",
            "confidence": [
                1
            ],
            "technique": "Header extraction"
        }
    ],
    "codeRepository": {
        "excerpt": "https://github.com/oeg-upm/website",
        "confidence": [
            1.0
        ],
        "technique": "GitHub API"
    },
    "owner": {
        "excerpt": "oeg-upm",
        "confidence": [
            1.0
        ],
        "technique": "GitHub API"
    },
    "ownerType": {
        "excerpt": "Organization",
        "confidence": [
            1.0
        ],
        "technique": "GitHub API"
    },
    "dateCreated": {
        "excerpt": "2016-09-19T10:22:48Z",
        "confidence": [
            1.0
        ],
        "technique": "GitHub API"
    },
    "dateModified": {
        "excerpt": "2021-06-16T10:41:09Z",
        "confidence": [
            1.0
        ],
        "technique": "GitHub API"
    },
    "name": {
        "excerpt": "website",
        "confidence": [
            1.0
        ],
        "technique": "GitHub API"
    },
    "fullName": {
        "excerpt": "oeg-upm/website",
        "confidence": [
            1.0
        ],
        "technique": "GitHub API"
    },
    "issueTracker": {
        "excerpt": "https://api.github.com/repos/oeg-upm/website/issues{/number}",
        "confidence": [
            1.0
        ],
        "technique": "GitHub API"
    },
    "forksUrl": {
        "excerpt": "https://api.github.com/repos/oeg-upm/website/forks",
        "confidence": [
            1.0
        ],
        "technique": "GitHub API"
    },
    "downloadUrl": {
        "excerpt": "https://github.com/oeg-upm/website/releases",
        "confidence": [
            1.0
        ],
        "technique": "GitHub API"
    },
    "topics": {
        "excerpt": [
            "website"
        ],
        "confidence": [
            1.0
        ],
        "technique": "GitHub API"
    },
    "stargazersCount": {
        "excerpt": {
            "count": 1,
            "date": "Tue, 05 Apr 2022 09:35:14 GMT"
        },
        "confidence": [
            1.0
        ],
        "technique": "GitHub API"
    },
    "forksCount": {
        "excerpt": {
            "count": 19,
            "date": "Tue, 05 Apr 2022 09:35:14 GMT"
        },
        "confidence": [
            1.0
        ],
        "technique": "GitHub API"
    },
    "languages": {
        "excerpt": [
            "Vue",
            "JavaScript",
            "HTML",
            "CSS"
        ],
        "confidence": [
            1.0
        ],
        "technique": "GitHub API"
    },
    "readmeUrl": {
        "excerpt": "https://github.com/oeg-upm/website/README.md",
        "confidence": [
            1.0
        ],
        "technique": "GitHub API"
    }
}