{
    "codeRepository": {
        "excerpt": "https://github.com/oeg-upm/web-oeg",
        "confidence": [
            1.0
        ],
        "technique": "GitHub API"
    },
    "owner": {
        "excerpt": "oeg-upm",
        "confidence": [
            1.0
        ],
        "technique": "GitHub API"
    },
    "ownerType": {
        "excerpt": "Organization",
        "confidence": [
            1.0
        ],
        "technique": "GitHub API"
    },
    "dateCreated": {
        "excerpt": "2018-04-04T09:16:14Z",
        "confidence": [
            1.0
        ],
        "technique": "GitHub API"
    },
    "dateModified": {
        "excerpt": "2022-01-10T15:41:25Z",
        "confidence": [
            1.0
        ],
        "technique": "GitHub API"
    },
    "description": [
        {
            "excerpt": "Repositorio de la p\u00e1gina web del OEG (versi\u00f3n antigua)",
            "confidence": [
                1.0
            ],
            "technique": "GitHub API"
        }
    ],
    "name": {
        "excerpt": "web-oeg",
        "confidence": [
            1.0
        ],
        "technique": "GitHub API"
    },
    "fullName": {
        "excerpt": "oeg-upm/web-oeg",
        "confidence": [
            1.0
        ],
        "technique": "GitHub API"
    },
    "issueTracker": {
        "excerpt": "https://api.github.com/repos/oeg-upm/web-oeg/issues{/number}",
        "confidence": [
            1.0
        ],
        "technique": "GitHub API"
    },
    "forksUrl": {
        "excerpt": "https://api.github.com/repos/oeg-upm/web-oeg/forks",
        "confidence": [
            1.0
        ],
        "technique": "GitHub API"
    },
    "downloadUrl": {
        "excerpt": "https://github.com/oeg-upm/web-oeg/releases",
        "confidence": [
            1.0
        ],
        "technique": "GitHub API"
    },
    "topics": {
        "excerpt": [
            "website"
        ],
        "confidence": [
            1.0
        ],
        "technique": "GitHub API"
    },
    "stargazersCount": {
        "excerpt": {
            "count": 0,
            "date": "Tue, 05 Apr 2022 09:33:41 GMT"
        },
        "confidence": [
            1.0
        ],
        "technique": "GitHub API"
    },
    "forksCount": {
        "excerpt": {
            "count": 0,
            "date": "Tue, 05 Apr 2022 09:33:41 GMT"
        },
        "confidence": [
            1.0
        ],
        "technique": "GitHub API"
    },
    "languages": {
        "excerpt": [
            "HTML",
            "TeX",
            "CSS",
            "JavaScript",
            "PHP"
        ],
        "confidence": [
            1.0
        ],
        "technique": "GitHub API"
    },
    "releases": {
        "excerpt": [
            {
                "tagName": "v0.1",
                "name": "version 0.1",
                "authorName": "fyedro",
                "authorType": "User",
                "body": "Integration with Zenodo",
                "tarballUrl": "https://api.github.com/repos/oeg-upm/web-oeg/tarball/v0.1",
                "zipballUrl": "https://api.github.com/repos/oeg-upm/web-oeg/zipball/v0.1",
                "htmlUrl": "https://github.com/oeg-upm/web-oeg/releases/tag/v0.1",
                "url": "https://api.github.com/repos/oeg-upm/web-oeg/releases/21316000",
                "dateCreated": "2019-07-10T13:35:55Z",
                "datePublished": "2019-11-08T11:10:39Z"
            }
        ],
        "confidence": [
            1.0
        ],
        "technique": "GitHub API"
    }
}