{
    "description": [
        {
            "excerpt": "Contributions to analyze the COVID-19 Open Research Dataset (CORD-19)",
            "confidence": [
                1.0
            ],
            "technique": "GitHub API"
        }
    ],
    "citation": [
        {
            "excerpt": "En este repositorio estamos intentando enlazar todas las contribuciones que pueda ir haciendo la comunidad acad\u00e9mica espa\u00f1ola para aplicar t\u00e9cnicas de Inteligencia Artificial sobre el conjunto de datos COVID-19 Open Research Dataset (CORD-19), as\u00ed como animar a todos a sumarse de manera voluntaria a esta iniciativa. \n",
            "confidence": [
                [
                    0.999855375267491
                ]
            ],
            "technique": "Supervised classification",
            "originalHeader": "covid19"
        }
    ],
    "longTitle": {
        "excerpt": "covid19",
        "confidence": [
            1.0
        ],
        "technique": "Regular expression"
    },
    "codeRepository": {
        "excerpt": "https://github.com/oeg-upm/covid19",
        "confidence": [
            1.0
        ],
        "technique": "GitHub API"
    },
    "owner": {
        "excerpt": "oeg-upm",
        "confidence": [
            1.0
        ],
        "technique": "GitHub API"
    },
    "ownerType": {
        "excerpt": "Organization",
        "confidence": [
            1.0
        ],
        "technique": "GitHub API"
    },
    "dateCreated": {
        "excerpt": "2020-03-28T16:13:28Z",
        "confidence": [
            1.0
        ],
        "technique": "GitHub API"
    },
    "dateModified": {
        "excerpt": "2020-04-09T10:33:11Z",
        "confidence": [
            1.0
        ],
        "technique": "GitHub API"
    },
    "license": {
        "excerpt": {
            "name": "Other",
            "url": "https://raw.githubusercontent.com/oeg-upm/covid19/master/LICENSE"
        },
        "confidence": [
            1.0
        ],
        "technique": "GitHub API"
    },
    "name": {
        "excerpt": "covid19",
        "confidence": [
            1.0
        ],
        "technique": "GitHub API"
    },
    "fullName": {
        "excerpt": "oeg-upm/covid19",
        "confidence": [
            1.0
        ],
        "technique": "GitHub API"
    },
    "issueTracker": {
        "excerpt": "https://api.github.com/repos/oeg-upm/covid19/issues{/number}",
        "confidence": [
            1.0
        ],
        "technique": "GitHub API"
    },
    "forksUrl": {
        "excerpt": "https://api.github.com/repos/oeg-upm/covid19/forks",
        "confidence": [
            1.0
        ],
        "technique": "GitHub API"
    },
    "downloadUrl": {
        "excerpt": "https://github.com/oeg-upm/covid19/releases",
        "confidence": [
            1.0
        ],
        "technique": "GitHub API"
    },
    "topics": {
        "excerpt": [
            "cord19",
            "covid19"
        ],
        "confidence": [
            1.0
        ],
        "technique": "GitHub API"
    },
    "stargazersCount": {
        "excerpt": {
            "count": 1,
            "date": "Tue, 05 Apr 2022 09:00:33 GMT"
        },
        "confidence": [
            1.0
        ],
        "technique": "GitHub API"
    },
    "forksCount": {
        "excerpt": {
            "count": 5,
            "date": "Tue, 05 Apr 2022 09:00:33 GMT"
        },
        "confidence": [
            1.0
        ],
        "technique": "GitHub API"
    },
    "languages": {
        "excerpt": [
            "JavaScript",
            "CSS",
            "HTML",
            "Ruby"
        ],
        "confidence": [
            1.0
        ],
        "technique": "GitHub API"
    },
    "licenseText": {
        "excerpt": "b'The MIT License (MIT)\\n\\nCopyright (c) 2015-2018 Dean Attali\\n\\nPermission is hereby granted, free of charge, to any person obtaining a copy\\nof this software and associated documentation files (the \"Software\"), to deal\\nin the Software without restriction, including without limitation the rights\\nto use, copy, modify, merge, publish, distribute, sublicense, and/or sell\\ncopies of the Software, and to permit persons to whom the Software is\\nfurnished to do so, subject to the following conditions:\\n\\nThe above copyright notice and this permission notice shall be included in all\\ncopies or substantial portions of the Software.\\n\\nTHE SOFTWARE IS PROVIDED \"AS IS\", WITHOUT WARRANTY OF ANY KIND, EXPRESS OR\\nIMPLIED, INCLUDING BUT NOT LIMITED TO THE WARRANTIES OF MERCHANTABILITY,\\nFITNESS FOR A PARTICULAR PURPOSE AND NONINFRINGEMENT. IN NO EVENT SHALL THE\\nAUTHORS OR COPYRIGHT HOLDERS BE LIABLE FOR ANY CLAIM, DAMAGES OR OTHER\\nLIABILITY, WHETHER IN AN ACTION OF CONTRACT, TORT OR OTHERWISE, ARISING FROM,\\nOUT OF OR IN CONNECTION WITH THE SOFTWARE OR THE USE OR OTHER DEALINGS IN THE\\nSOFTWARE.\\n\\n\\n\\nstaticman integration\\n=================================================================================\\n\\nThe MIT License (MIT)\\n\\nCopyright (c) 2013-2018 Michael Rose\\n'",
        "confidence": [
            1.0
        ],
        "technique": "File Exploration"
    },
    "readmeUrl": {
        "excerpt": "https://github.com/oeg-upm/covid19/README.md",
        "confidence": [
            1.0
        ],
        "technique": "GitHub API"
    }
}