{
    "codeRepository": {
        "excerpt": "https://github.com/oeg-upm/agora-docker",
        "confidence": [
            1.0
        ],
        "technique": "GitHub API"
    },
    "owner": {
        "excerpt": "oeg-upm",
        "confidence": [
            1.0
        ],
        "technique": "GitHub API"
    },
    "ownerType": {
        "excerpt": "Organization",
        "confidence": [
            1.0
        ],
        "technique": "GitHub API"
    },
    "dateCreated": {
        "excerpt": "2018-02-20T12:28:26Z",
        "confidence": [
            1.0
        ],
        "technique": "GitHub API"
    },
    "dateModified": {
        "excerpt": "2018-02-20T12:28:51Z",
        "confidence": [
            1.0
        ],
        "technique": "GitHub API"
    },
    "description": [
        {
            "excerpt": "Docker compose of the discovery service built on Agora",
            "confidence": [
                1.0
            ],
            "technique": "GitHub API"
        }
    ],
    "name": {
        "excerpt": "agora-docker",
        "confidence": [
            1.0
        ],
        "technique": "GitHub API"
    },
    "fullName": {
        "excerpt": "oeg-upm/agora-docker",
        "confidence": [
            1.0
        ],
        "technique": "GitHub API"
    },
    "issueTracker": {
        "excerpt": "https://api.github.com/repos/oeg-upm/agora-docker/issues{/number}",
        "confidence": [
            1.0
        ],
        "technique": "GitHub API"
    },
    "forksUrl": {
        "excerpt": "https://api.github.com/repos/oeg-upm/agora-docker/forks",
        "confidence": [
            1.0
        ],
        "technique": "GitHub API"
    },
    "downloadUrl": {
        "excerpt": "https://github.com/oeg-upm/agora-docker/releases",
        "confidence": [
            1.0
        ],
        "technique": "GitHub API"
    },
    "stargazersCount": {
        "excerpt": {
            "count": 0,
            "date": "Tue, 05 Apr 2022 08:45:13 GMT"
        },
        "confidence": [
            1.0
        ],
        "technique": "GitHub API"
    },
    "forksCount": {
        "excerpt": {
            "count": 1,
            "date": "Tue, 05 Apr 2022 08:45:13 GMT"
        },
        "confidence": [
            1.0
        ],
        "technique": "GitHub API"
    },
    "languages": {
        "excerpt": [
            "Python",
            "Shell"
        ],
        "confidence": [
            1.0
        ],
        "technique": "GitHub API"
    },
    "hasBuildFile": {
        "excerpt": [
            "https://raw.githubusercontent.com/oeg-upm/agora-docker/master/fountain/Dockerfile",
            "https://raw.githubusercontent.com/oeg-upm/agora-docker/master/discovery/Dockerfile",
            "https://raw.githubusercontent.com/oeg-upm/agora-docker/master/nginx/Dockerfile",
            "https://raw.githubusercontent.com/oeg-upm/agora-docker/master/base/Dockerfile"
        ],
        "confidence": [
            1.0
        ],
        "technique": "File Exploration"
    },
    "hasScriptFile": {
        "excerpt": [
            "https://raw.githubusercontent.com/oeg-upm/agora-docker/master/fountain/my_init.d/A0_start.sh",
            "https://raw.githubusercontent.com/oeg-upm/agora-docker/master/discovery/my_init.d/A0_start.sh",
            "https://raw.githubusercontent.com/oeg-upm/agora-docker/master/discovery/my_init.d/90_init.sh"
        ],
        "confidence": [
            1.0
        ],
        "technique": "File Exploration"
    },
    "inspect4py": {
        "software_type": "script"
    }
}