{
    "description": [
        {
            "excerpt": "This repository contains the files generated for the development of the btn100 ontology. This ontology aims to represent the Spanish Topographic Base (1:100.000 scale) from the [Spanish Institute for Geographic Information](http://www.ign.es/web/ign/portal).  \n",
            "confidence": [
                [
                    0.9868498216486921
                ]
            ],
            "technique": "Supervised classification",
            "originalHeader": "btn100-ontology"
        },
        {
            "excerpt": "The directories of this repository are structured as follows:\n- OnToology contains the ontology documentation files for btn100 and geo-core.\n- Diagrams contains the diagrams for the ontologies and the skos thesauri.\n- Requirements contains the Excel file which contains the requirements which are represented by the ontology.\n- Thesaurus contains the skos thesauri files in ttl format.  \n",
            "confidence": [
                [
                    0.9463664674090287
                ]
            ],
            "technique": "Supervised classification",
            "originalHeader": "btn100-ontology"
        },
        {
            "excerpt": "Repositorio donde se trabajar\u00e1 en la ontolog\u00eda a utilizar en BTN100",
            "confidence": [
                1.0
            ],
            "technique": "GitHub API"
        }
    ],
    "longTitle": {
        "excerpt": "btn100-ontology",
        "confidence": [
            1.0
        ],
        "technique": "Regular expression"
    },
    "codeRepository": {
        "excerpt": "https://github.com/oeg-upm/ontology-BTN100",
        "confidence": [
            1.0
        ],
        "technique": "GitHub API"
    },
    "owner": {
        "excerpt": "oeg-upm",
        "confidence": [
            1.0
        ],
        "technique": "GitHub API"
    },
    "ownerType": {
        "excerpt": "Organization",
        "confidence": [
            1.0
        ],
        "technique": "GitHub API"
    },
    "dateCreated": {
        "excerpt": "2017-11-23T09:23:30Z",
        "confidence": [
            1.0
        ],
        "technique": "GitHub API"
    },
    "dateModified": {
        "excerpt": "2020-05-28T11:22:51Z",
        "confidence": [
            1.0
        ],
        "technique": "GitHub API"
    },
    "name": {
        "excerpt": "ontology-BTN100",
        "confidence": [
            1.0
        ],
        "technique": "GitHub API"
    },
    "fullName": {
        "excerpt": "oeg-upm/ontology-BTN100",
        "confidence": [
            1.0
        ],
        "technique": "GitHub API"
    },
    "issueTracker": {
        "excerpt": "https://api.github.com/repos/oeg-upm/ontology-BTN100/issues{/number}",
        "confidence": [
            1.0
        ],
        "technique": "GitHub API"
    },
    "forksUrl": {
        "excerpt": "https://api.github.com/repos/oeg-upm/ontology-BTN100/forks",
        "confidence": [
            1.0
        ],
        "technique": "GitHub API"
    },
    "downloadUrl": {
        "excerpt": "https://github.com/oeg-upm/ontology-BTN100/releases",
        "confidence": [
            1.0
        ],
        "technique": "GitHub API"
    },
    "stargazersCount": {
        "excerpt": {
            "count": 1,
            "date": "Tue, 05 Apr 2022 09:23:49 GMT"
        },
        "confidence": [
            1.0
        ],
        "technique": "GitHub API"
    },
    "forksCount": {
        "excerpt": {
            "count": 2,
            "date": "Tue, 05 Apr 2022 09:23:49 GMT"
        },
        "confidence": [
            1.0
        ],
        "technique": "GitHub API"
    },
    "languages": {
        "excerpt": [
            "HTML",
            "CSS"
        ],
        "confidence": [
            1.0
        ],
        "technique": "GitHub API"
    },
    "readmeUrl": {
        "excerpt": "https://github.com/oeg-upm/ontology-BTN100/README.md",
        "confidence": [
            1.0
        ],
        "technique": "GitHub API"
    }
}