{
    "codeRepository": {
        "excerpt": "https://github.com/oeg-upm/drugs4covid19web",
        "confidence": [
            1.0
        ],
        "technique": "GitHub API"
    },
    "owner": {
        "excerpt": "oeg-upm",
        "confidence": [
            1.0
        ],
        "technique": "GitHub API"
    },
    "ownerType": {
        "excerpt": "Organization",
        "confidence": [
            1.0
        ],
        "technique": "GitHub API"
    },
    "dateCreated": {
        "excerpt": "2020-04-04T16:18:53Z",
        "confidence": [
            1.0
        ],
        "technique": "GitHub API"
    },
    "dateModified": {
        "excerpt": "2020-10-23T09:46:22Z",
        "confidence": [
            1.0
        ],
        "technique": "GitHub API"
    },
    "description": [
        {
            "excerpt": "Web of Drugs4covid19",
            "confidence": [
                1.0
            ],
            "technique": "GitHub API"
        }
    ],
    "name": {
        "excerpt": "drugs4covid19web",
        "confidence": [
            1.0
        ],
        "technique": "GitHub API"
    },
    "fullName": {
        "excerpt": "oeg-upm/drugs4covid19web",
        "confidence": [
            1.0
        ],
        "technique": "GitHub API"
    },
    "issueTracker": {
        "excerpt": "https://api.github.com/repos/oeg-upm/drugs4covid19web/issues{/number}",
        "confidence": [
            1.0
        ],
        "technique": "GitHub API"
    },
    "forksUrl": {
        "excerpt": "https://api.github.com/repos/oeg-upm/drugs4covid19web/forks",
        "confidence": [
            1.0
        ],
        "technique": "GitHub API"
    },
    "downloadUrl": {
        "excerpt": "https://github.com/oeg-upm/drugs4covid19web/releases",
        "confidence": [
            1.0
        ],
        "technique": "GitHub API"
    },
    "topics": {
        "excerpt": [
            "covid-19"
        ],
        "confidence": [
            1.0
        ],
        "technique": "GitHub API"
    },
    "stargazersCount": {
        "excerpt": {
            "count": 0,
            "date": "Tue, 05 Apr 2022 09:01:26 GMT"
        },
        "confidence": [
            1.0
        ],
        "technique": "GitHub API"
    },
    "forksCount": {
        "excerpt": {
            "count": 2,
            "date": "Tue, 05 Apr 2022 09:01:26 GMT"
        },
        "confidence": [
            1.0
        ],
        "technique": "GitHub API"
    },
    "languages": {
        "excerpt": [
            "JavaScript",
            "HTML",
            "CSS",
            "Less",
            "Shell"
        ],
        "confidence": [
            1.0
        ],
        "technique": "GitHub API"
    },
    "hasScriptFile": {
        "excerpt": [
            "https://raw.githubusercontent.com/oeg-upm/drugs4covid19web/master/web/build.sh"
        ],
        "confidence": [
            1.0
        ],
        "technique": "File Exploration"
    }
}