{
    "description": [
        {
            "excerpt": "This repository puts together all the work done during the CLARITY project (http://clarity-csa.eu/) Sprint Week in December 2016 on the work proposed by the Zaragoza city council on the usage of their open dataset (and API) about public services. Our aim has been to generate the artifacts that will be required in the future to start working on the homogeneisation of the lists of public services that are provided by municipalities in Spain.\n \nWe have started with the open material that is made available by the Zaragoza city council in relation to the public services that they offer, namely: \n",
            "confidence": [
                [
                    0.9939016286266477,
                    0.9788773176126817
                ]
            ],
            "technique": "Supervised classification",
            "originalHeader": "Input material",
            "parentHeader": "README"
        },
        {
            "excerpt": "Work done by the UPM-Zaragoza team on public services during the CLARITY project sprint week",
            "confidence": [
                1.0
            ],
            "technique": "GitHub API"
        }
    ],
    "longTitle": {
        "excerpt": "README",
        "confidence": [
            1.0
        ],
        "technique": "Regular expression"
    },
    "codeRepository": {
        "excerpt": "https://github.com/oeg-upm/201612-clarityhackathon-upm",
        "confidence": [
            1.0
        ],
        "technique": "GitHub API"
    },
    "owner": {
        "excerpt": "oeg-upm",
        "confidence": [
            1.0
        ],
        "technique": "GitHub API"
    },
    "ownerType": {
        "excerpt": "Organization",
        "confidence": [
            1.0
        ],
        "technique": "GitHub API"
    },
    "dateCreated": {
        "excerpt": "2016-12-05T17:54:03Z",
        "confidence": [
            1.0
        ],
        "technique": "GitHub API"
    },
    "dateModified": {
        "excerpt": "2016-12-09T14:33:12Z",
        "confidence": [
            1.0
        ],
        "technique": "GitHub API"
    },
    "name": {
        "excerpt": "201612-clarityhackathon-upm",
        "confidence": [
            1.0
        ],
        "technique": "GitHub API"
    },
    "fullName": {
        "excerpt": "oeg-upm/201612-clarityhackathon-upm",
        "confidence": [
            1.0
        ],
        "technique": "GitHub API"
    },
    "issueTracker": {
        "excerpt": "https://api.github.com/repos/oeg-upm/201612-clarityhackathon-upm/issues{/number}",
        "confidence": [
            1.0
        ],
        "technique": "GitHub API"
    },
    "forksUrl": {
        "excerpt": "https://api.github.com/repos/oeg-upm/201612-clarityhackathon-upm/forks",
        "confidence": [
            1.0
        ],
        "technique": "GitHub API"
    },
    "downloadUrl": {
        "excerpt": "https://github.com/oeg-upm/201612-clarityhackathon-upm/releases",
        "confidence": [
            1.0
        ],
        "technique": "GitHub API"
    },
    "stargazersCount": {
        "excerpt": {
            "count": 0,
            "date": "Tue, 05 Apr 2022 08:45:07 GMT"
        },
        "confidence": [
            1.0
        ],
        "technique": "GitHub API"
    },
    "forksCount": {
        "excerpt": {
            "count": 0,
            "date": "Tue, 05 Apr 2022 08:45:07 GMT"
        },
        "confidence": [
            1.0
        ],
        "technique": "GitHub API"
    },
    "languages": {
        "excerpt": [
            "Java",
            "HTML"
        ],
        "confidence": [
            1.0
        ],
        "technique": "GitHub API"
    },
    "readmeUrl": {
        "excerpt": "https://github.com/oeg-upm/201612-clarityhackathon-upm/README.md",
        "confidence": [
            1.0
        ],
        "technique": "GitHub API"
    }
}