{
    "description": [
        {
            "excerpt": "Repository for collaborative edition of the DELTA ontology. This ontology is being developed within the context of the [DELTA H2020 project](https://www.delta-h2020.eu/). \n",
            "confidence": [
                [
                    0.9787569837298525
                ]
            ],
            "technique": "Supervised classification",
            "originalHeader": "delta-ontology"
        },
        {
            "excerpt": "DELTA ontology ",
            "confidence": [
                1.0
            ],
            "technique": "GitHub API"
        }
    ],
    "installation": [
        {
            "excerpt": "- [Ontological requirements](https://goo.gl/cmo1A6) \n",
            "confidence": [
                [
                    0.9716497192916245
                ]
            ],
            "technique": "Supervised classification",
            "originalHeader": "delta-ontology"
        }
    ],
    "longTitle": {
        "excerpt": "delta-ontology",
        "confidence": [
            1.0
        ],
        "technique": "Regular expression"
    },
    "image": [
        {
            "excerpt": "https://github.com/albaizq/delta-ontology/blob/master/OnToology/ontology/delta.ttl/documentation/resources/images/delta.jpg",
            "confidence": [
                1.0
            ],
            "technique": "Regular expression"
        }
    ],
    "codeRepository": {
        "excerpt": "https://github.com/oeg-upm/delta-ontology",
        "confidence": [
            1.0
        ],
        "technique": "GitHub API"
    },
    "owner": {
        "excerpt": "oeg-upm",
        "confidence": [
            1.0
        ],
        "technique": "GitHub API"
    },
    "ownerType": {
        "excerpt": "Organization",
        "confidence": [
            1.0
        ],
        "technique": "GitHub API"
    },
    "dateCreated": {
        "excerpt": "2018-07-08T15:31:52Z",
        "confidence": [
            1.0
        ],
        "technique": "GitHub API"
    },
    "dateModified": {
        "excerpt": "2021-04-30T10:06:47Z",
        "confidence": [
            1.0
        ],
        "technique": "GitHub API"
    },
    "name": {
        "excerpt": "delta-ontology",
        "confidence": [
            1.0
        ],
        "technique": "GitHub API"
    },
    "fullName": {
        "excerpt": "oeg-upm/delta-ontology",
        "confidence": [
            1.0
        ],
        "technique": "GitHub API"
    },
    "issueTracker": {
        "excerpt": "https://api.github.com/repos/oeg-upm/delta-ontology/issues{/number}",
        "confidence": [
            1.0
        ],
        "technique": "GitHub API"
    },
    "forksUrl": {
        "excerpt": "https://api.github.com/repos/oeg-upm/delta-ontology/forks",
        "confidence": [
            1.0
        ],
        "technique": "GitHub API"
    },
    "downloadUrl": {
        "excerpt": "https://github.com/oeg-upm/delta-ontology/releases",
        "confidence": [
            1.0
        ],
        "technique": "GitHub API"
    },
    "stargazersCount": {
        "excerpt": {
            "count": 1,
            "date": "Tue, 05 Apr 2022 09:00:42 GMT"
        },
        "confidence": [
            1.0
        ],
        "technique": "GitHub API"
    },
    "forksCount": {
        "excerpt": {
            "count": 4,
            "date": "Tue, 05 Apr 2022 09:00:42 GMT"
        },
        "confidence": [
            1.0
        ],
        "technique": "GitHub API"
    },
    "readmeUrl": {
        "excerpt": "https://github.com/oeg-upm/delta-ontology/README.md",
        "confidence": [
            1.0
        ],
        "technique": "GitHub API"
    }
}